{"c": 408.906, "s": 651.7009999999999, "h": 293.14000000000004, "a": 706.1080000000002, "v": 287.6469999999999, "f": 408.7899999999999, "i": 114.98600000000002, "o": 372.453, "y": 222.97699999999995, "g": 167.36100000000002, "d": 85.378, "b": 314.1769999999999, "l": 214.936, "x": 238.40599999999995, "p": 241.36100000000008, "w": 61.89299999999999, "t": 6.556, "e": 60.348, "r": 113.19600000000001, "k": 2.75}