{"i": 75.92600000000002, "d": 80.978, "o": 45.944, "l": 84.24799999999999, "a": 64.88, "f": 90.89099999999999, "b": 75.48599999999999, "p": 139.73400000000004, "w": 57.169, "h": 109.03, "c": 96.935, "s": 100.70899999999999, "v": 45.19799999999999, "e": 54.38099999999999, "g": 50.152, "r": 77.39600000000002, "x": 7.225, "y": 13.634999999999998}