{"c": 311.97099999999995, "s": 550.992, "h": 184.10999999999999, "a": 641.228, "v": 242.44899999999998, "f": 317.8989999999999, "o": 326.509, "y": 209.34199999999998, "g": 117.209, "i": 39.06, "b": 238.69099999999997, "x": 231.18099999999995, "t": 6.556, "l": 130.688, "w": 4.724, "r": 35.8, "p": 101.62699999999998, "d": 4.4, "e": 5.967, "k": 2.75}