{"ac": 0.5456593787614656, "ak": 0.46093066006134675, "an": 0.4692399398409175, "ae": 0.922312414322211, "al": 0.5856883251343453, "as": 0.6983270493030459, "at": 0.6160160734963629, "ar": 0.5342203046384073, "ao": 0.8770203799282623, "au": 0.6481584169471861, "ab": 0.4619699982822256, "ag": 0.5014286426748216, "ap": 0.4459699755244988, "ah": 0.536499755645805, "ai": 0.8949174760234224, "ay": 0.5235154963782928, "az": 0.32659739015887346, "ad": 0.5414508756034769, "aw": 0.2984393748977144, "am": 0.5107620936862617, "av": 0.38349855234135877, "af": 0.38552123950291395, "aj": 0.20897655298637902, "ax": 0.23885183505771737, "aq": 0.15119674124339214, "ck": 0.7311974524533364, "cn": 0.7082514965244122, "ce": 0.507620399360923, "cl": 0.6920020327859182, "cs": 0.7811146737420147, "ct": 0.8068973556058803, "cr": 0.6044485577948624, "co": 0.5848888520741455, "cu": 0.6760743332275208, "cg": 0.7588573569784534, "cp": 0.7149097125512813, "ch": 0.5582292095009697, "ci": 0.5148748439350751, "cy": 0.6030943033252935, "cz": 0.555194353197999, "cd": 0.8035870963013478, "cw": 0.5595184329082243, "cm": 0.7969803904748233, "cv": 0.70727944538345, "cf": 0.6318778293446249, "cj": 0.364306767162379, "cx": 0.3477428747212921, "cq": 0.25420548273540544, "kn": 0.42849788995928395, "kl": 0.5415793327690105, "ks": 0.5132354209753955, "kt": 0.5972168087716305, "kr": 0.4349341653288472, "ko": 0.5102263370912622, "ku": 0.6783256253581242, "kp": 0.6879756882524237, "ky": 0.654741197107199, "kz": 0.6743392134481501, "kw": 0.6201471544445137, "km": 0.6858242279885349, "kv": 0.7353621555058305, "kx": 0.5837477702821694, "kq": 0.4007018988136348, "ns": 0.793502796637879, "nt": 0.7317843669776565, "nr": 0.778075368840373, "no": 0.45992032576048975, "nu": 0.49430598195695524, "np": 0.49349089749978625, "ny": 0.4021322921123811, "nz": 0.2988839048552525, "nw": 0.336482714816002, "nv": 0.4565211273258434, "nx": 0.17852553136826843, "nq": 0.11522577138252921, "ek": 0.4134859193645337, "en": 0.4269079672353644, "el": 0.5561654033629543, "es": 0.6753486402798272, "et": 0.6107252220165671, "er": 0.5013236316978142, "eo": 0.8482108854764886, "eu": 0.6042803742061118, "eg": 0.4635960145290775, "ep": 0.40807370443834956, "eh": 0.541967849464704, "ei": 0.9126027170119411, "ey": 0.4924495029325564, "ez": 0.3052707987272943, "ew": 0.28652400467954253, "em": 0.46781320020659445, "ev": 0.33144972154158275, "ef": 0.3532530324173214, "ej": 0.19109045178796047, "ex": 0.2286442332487123, "eq": 0.14319721706240715, "ln": 0.7584395714272462, "ls": 0.7857350956623025, "lt": 0.7278493447854912, "lr": 0.8060810271267997, "lo": 0.5828739230029821, "lu": 0.6440355056019114, "lp": 0.584489792736467, "ly": 0.5360924717068901, "lz": 0.35700121750420266, "lw": 0.4356909060548062, "lm": 0.7263020048652638, "lv": 0.5256908770108077, "lx": 0.2606607198884019, "lq": 0.15936602441415906, "st": 0.8545666554708188, "su": 0.6286278050062533, "sy": 0.5271592590460253, "sz": 0.36073683120638583, "sw": 0.3929584325724737, "sv": 0.49748775687252134, "sx": 0.22979005217926646, "tu": 0.5936889735805143, "ty": 0.5012097790764644, "tz": 0.36965314749989964, "tw": 0.38454687427841344, "tv": 0.48826010512593676, "tx": 0.25050146639322746, "rs": 0.7587584742273292, "rt": 0.6724594200415416, "ru": 0.5914831968476817, "ry": 0.4668269443821818, "rz": 0.28541208742791824, "rw": 0.36921925012336687, "rv": 0.42442346700207745, "rx": 0.19808366925580947, "os": 0.6494617828473608, "ot": 0.5941097982035901, "or": 0.5349918128250448, "ou": 0.7699030005943597, "op": 0.5036306755330515, "oy": 0.6098368916934978, "oz": 0.3930311651380382, "ow": 0.40507512698528136, "ov": 0.4716259320836663, "ox": 0.28152659904694866, "oq": 0.20710381872002204, "uy": 0.7568436783616883, "uz": 0.562198820257481, "uw": 0.6739788506666038, "uv": 0.6737129966252601, "ux": 0.44561256848978825, "bc": 0.7206248432625031, "bk": 0.7440650318327995, "bn": 0.4818665434874979, "be": 0.4178664967118539, "bl": 0.6003792092581302, "bs": 0.5719958821282686, "bt": 0.5544423272520724, "br": 0.4828856843734831, "bo": 0.5282582213088693, "bu": 0.7271860281375053, "bg": 0.6541932777155238, "bp": 0.8482747380041132, "bh": 0.5206552120353852, "bi": 0.48150147005794036, "by": 0.7148495607603973, "bz": 0.6808934955268959, "bd": 0.6662487231008194, "bw": 0.7395240616043497, "bm": 0.8344851551240395, "bv": 0.7933227955102745, "bf": 0.7736106593904541, "bj": 0.556137045733493, "bx": 0.5464532050737364, "bq": 0.43144535380038623, "gk": 0.6587018659238085, "gn": 0.5604078690419814, "gl": 0.5413621464099985, "gs": 0.6441352948999912, "gt": 0.6540252574107688, "gr": 0.47296812996757936, "go": 0.5157204863737738, "gu": 0.6037267986720878, "gp": 0.5862315580668024, "gh": 0.4294740450055331, "gi": 0.4841673633633794, "gy": 0.5619010515452119, "gz": 0.5032762812814644, "gw": 0.5114459879776124, "gm": 0.6638692232894228, "gv": 0.6353431630496451, "gj": 0.37271153376465266, "gx": 0.31763852733779147, "gq": 0.23237959831595928, "ps": 0.5806982218643649, "pt": 0.5765367464900789, "pr": 0.47891443226685027, "pu": 0.7000046666660515, "py": 0.610876892010054, "pz": 0.6326057474717437, "pw": 0.6834502299724704, "pv": 0.7547721058152383, "px": 0.4895398454660105, "pq": 0.3824418193205066, "hk": 0.6427282401178351, "hn": 0.3072038059036687, "hl": 0.4659257433326661, "hs": 0.4940056502295986, "ht": 0.5598883954700695, "hr": 0.4273853310715867, "ho": 0.6232519687706558, "hu": 0.6790824986917228, "hp": 0.5359245040445818, "hi": 0.5805472962094139, "hy": 0.57527508058579, "hz": 0.4672879721381915, "hw": 0.47935569361379093, "hm": 0.5021173841644785, "hv": 0.49176082145044364, "hj": 0.4105107519524529, "hx": 0.48070471095923994, "hq": 0.3440698174180664, "ik": 0.46666189591284835, "in": 0.4193528585799243, "il": 0.5966665853314908, "is": 0.6725896282904222, "it": 0.6306320845388429, "ir": 0.5405183605154011, "io": 0.8538724361099495, "iu": 0.6689405525435674, "ip": 0.4401064734708684, "iy": 0.573324468726882, "iz": 0.3158096183216593, "iw": 0.3365467535344638, "im": 0.5148510138239436, "iv": 0.3531503890177899, "ij": 0.21758213304205404, "ix": 0.2407690705290865, "iq": 0.14393019341717553, "yz": 0.6338983831251612, "dk": 0.651214604510668, "dn": 0.6876570819820338, "de": 0.4782791035814191, "dl": 0.7250120012788488, "ds": 0.7678475450194369, "dt": 0.7483384971016172, "dr": 0.649840628363082, "do": 0.5304826919320013, "du": 0.5943035503247757, "dg": 0.770902882897559, "dp": 0.6246562348432781, "dh": 0.4034942535607223, "di": 0.5258162647061854, "dy": 0.5921296197812627, "dz": 0.46546130678454545, "dw": 0.49186307283360287, "dm": 0.7448080611832357, "dv": 0.6268569213814985, "df": 0.5889802782876347, "dj": 0.3331130090698219, "dx": 0.3192828146294239, "dq": 0.20545342613304884, "wy": 0.6686570350132914, "wz": 0.6936787177283836, "wx": 0.6262121034245565, "mn": 0.6668884774561068, "ms": 0.7119063418375338, "mt": 0.6712902224769919, "mr": 0.6316094751634131, "mo": 0.5561625150592922, "mu": 0.7352454788570209, "mp": 0.8313037220727727, "my": 0.6593341750037232, "mz": 0.5509010978767234, "mw": 0.6451499801857608, "mv": 0.7520378177523874, "mx": 0.39403763731728847, "mq": 0.2738693550879984, "vy": 0.6543707540156676, "vz": 0.7213218588909245, "vw": 0.7751998609005685, "vx": 0.5612687030519663, "fk": 0.6863711162144528, "fn": 0.37253955598527755, "fl": 0.47998701280177936, "fs": 0.45340002606618013, "ft": 0.45718379565852774, "fr": 0.35795976256996176, "fo": 0.4708876377540223, "fu": 0.6259236733904183, "fg": 0.6212321336819377, "fp": 0.712646924086636, "fh": 0.46861912126368577, "fi": 0.3776828005811607, "fy": 0.672128538931571, "fz": 0.7839019565965946, "fw": 0.7395773035254191, "fm": 0.6657028049333533, "fv": 0.8338484482743205, "fj": 0.6465890472161104, "fx": 0.6394330847595141, "fq": 0.5270921265544678, "jk": 0.5423122066631962, "jn": 0.18123676759801807, "jl": 0.24304858441551502, "js": 0.2245550182069196, "jt": 0.23397810286978987, "jr": 0.18233229877012325, "jo": 0.2758628334436227, "ju": 0.4242675806967674,