{"ac": 0.2365424390942888, "ak": 0.1434554186600911, "an": 0.22132218646792973, "ae": 0.5085083472501801, "al": 0.2555242181577004, "as": 0.3252862083168952, "at": 0.2597677516863394, "ar": 0.24209145541386848, "ao": 0.47138019817899235, "au": 0.3168136145943543, "ab": 0.17200517570598828, "ag": 0.19573029487716948, "ap": 0.15928140817808212, "ah": 0.20013927551248767, "ai": 0.5046135977635848, "ay": 0.19993651353980418, "az": 0.08898112494742927, "ad": 0.21669929850151887, "aw": 0.09905181418937364, "am": 0.2060584790075811, "av": 0.11350243102724808, "af": 0.11782810784983522, "aj": 0.05602984644467504, "ax": 0.03356202952998275, "aq": 0.029342432218615235, "ck": 0.31004307958528377, "cn": 0.3652571973992417, "ce": 0.21063376120876498, "cl": 0.3261589474298995, "cs": 0.396426158657617, "ct": 0.4121414973403101, "cr": 0.2781062479561669, "co": 0.22458893191704415, "cu": 0.25480111301191744, "cg": 0.35900416097100296, "cp": 0.3327281544264925, "ch": 0.23227779219266503, "ci": 0.21609062078563152, "cy": 0.20614061263135358, "cz": 0.21586658060266378, "cd": 0.37418048382117297, "cw": 0.2221553007054991, "cm": 0.3784441877011716, "cv": 0.2996288156705765, "cf": 0.2862250217762914, "cj": 0.13911477354944654, "cx": 0.12070917257654826, "cq": 0.09572466665895953, "kn": 0.19610025237655, "kl": 0.20754258788778568, "ks": 0.20701419184329062, "kt": 0.2402425952396413, "kr": 0.17116644475729048, "ko": 0.14857981059884862, "ku": 0.19288794070877596, "kp": 0.2286750067513108, "ky": 0.18197949022458196, "kz": 0.20788053595358363, "kw": 0.20136255594429714, "km": 0.2704261435422865, "kv": 0.2110133585126437, "kx": 0.12358783448629063, "kq": 0.09988378174515494, "ns": 0.41786880757232014, "nt": 0.38145420240524874, "nr": 0.4361387737192881, "no": 0.19325257041431898, "nu": 0.2127544249210887, "np": 0.22718333978539054, "ny": 0.15876805463181085, "nz": 0.1299260206010781, "nw": 0.1421639287668026, "nv": 0.2115723025693116, "nx": 0.06994622635468693, "nq": 0.03751275154508105, "ek": 0.125938612815302, "en": 0.19555558719777966, "el": 0.2433558435685152, "es": 0.3201470519010192, "et": 0.25549287246279084, "er": 0.2276304038848252, "eo": 0.43365385750999125, "eu": 0.26640745979952885, "eg": 0.17978481025433013, "ep": 0.1456537051289568, "eh": 0.1951082889123672, "ei": 0.5298265972685412, "ey": 0.19852389121030298, "ez": 0.07644501426573687, "ew": 0.09276324220943458, "em": 0.18952487185078726, "ev": 0.09828831407495076, "ef": 0.10935713404479813, "ej": 0.04856103628593319, "ex": 0.026691934287268695, "eq": 0.02527266785604168, "ln": 0.40136858837433975, "ls": 0.39663000008079174, "lt": 0.3596174885198251, "lr": 0.4245509653721879, "lo": 0.23270125725646046, "lu": 0.25638515366783393, "lp": 0.2619924940755256, "ly": 0.19250859963424155, "lz": 0.12675742796590023, "lw": 0.17264278513687534, "lm": 0.3601324974818838, "lv": 0.20482179082409152, "lx": 0.07537481147837306, "lq": 0.040715937424132896, "st": 0.43949438688151354, "su": 0.23857548767733683, "sy": 0.2057418565562067, "sz": 0.15355206481205116, "sw": 0.16840313491346057, "sv": 0.20865016759203198, "sx": 0.06512177741627605, "tu": 0.22441138861872623, "ty": 0.17990901864415743, "tz": 0.15276575887561955, "tw": 0.15429600955615835, "tv": 0.20634417828260793, "tx": 0.0665870053507418, "rs": 0.3801581371646347, "rt": 0.33026234867526516, "ru": 0.25300226513884155, "ry": 0.17957279255054953, "rz": 0.1033031448421478, "rw": 0.14764647103757828, "rv": 0.17347900810737135, "rx": 0.06497408239528929, "os": 0.2673119663374118, "ot": 0.2278239592214597, "or": 0.23041106938809058, "ou": 0.35111092350063844, "op": 0.16409346672297084, "oy": 0.21347048662945423, "oz": 0.09520104641964258, "ow": 0.12573811681779185, "ov": 0.14908454895175438, "ox": 0.03745154609640883, "oq": 0.03261142278954584, "uy": 0.2341620178147451, "uz": 0.1397812816123235, "uw": 0.21415452169355476, "uv": 0.2082605903727135, "ux": 0.081629190226443, "bc": 0.3202044078318135, "bk": 0.26029656624550956, "bn": 0.2339364282413456, "be": 0.16280447714815133, "bl": 0.28002695592324, "bs": 0.2737926196454223, "bt": 0.2585347570674712, "br": 0.22434643305874194, "bo": 0.176769787258963, "bu": 0.2327686036235223, "bg": 0.29419755564107464, "bp": 0.3934605918133848, "bh": 0.19944722078577898, "bi": 0.18701171150022305, "by": 0.21669456529763742, "bz": 0.21311229810766152, "bd": 0.29479757289677844, "bw": 0.31175223386398193, "bm": 0.4075636444899813, "bv": 0.3130054593163112, "bf": 0.3254904067123572, "bj": 0.18308855127808032, "bx": 0.12647161356982034, "bq": 0.09381298226180057, "gk": 0.2662127443870236, "gn": 0.28123505626311773, "gl": 0.2564852813488958, "gs": 0.2991478918701346, "gt": 0.2994370704561052, "gr": 0.21996773894952917, "go": 0.17796840086984161, "gu": 0.21662733798191286, "gp": 0.24907460534543813, "gh": 0.16164811951619296, "gi": 0.191221636847767, "gy": 0.19356810936109317, "gz": 0.1872119619999575, "gw": 0.19805106777212472, "gm": 0.31060831582772, "gv": 0.25605876897821916, "gj": 0.16333765024333263, "gx": 0.11261091930945306, "gq": 0.07656776115636177, "ps": 0.26119465001320624, "pt": 0.25631360494713207, "pr": 0.21813294427996494, "pu": 0.22990759981062672, "py": 0.17798371012093084, "pz": 0.16896963254010824, "pw": 0.2667100055149515, "pv": 0.3024716534301036, "px": 0.11305268081973466, "pq": 0.07680044331125238, "hk": 0.24327094106074826, "hn": 0.131331862330058, "hl": 0.18779219439304812, "hs": 0.21081936410762125, "ht": 0.23560040127928894, "hr": 0.1730453463256402, "ho": 0.2214308366956655, "hu": 0.2175741699790139, "hp": 0.18522048483495085, "hi": 0.21003981227213409, "hy": 0.17272829338609097, "hz": 0.1313549037563282, "hw": 0.1699887169881888, "hm": 0.20864694769744485, "hv": 0.1424323478857679, "hj": 0.09703498789927281, "hx": 0.058780174143864494, "hq": 0.053717324285875806, "ik": 0.14685312888287438, "in": 0.19609696805915364, "il": 0.2639925066073673, "is": 0.3271863701802951, "it": 0.2647533429804235, "ir": 0.24282301374291482, "io": 0.44842891485580827, "iu": 0.3158929241647874, "ip": 0.17006882177788862, "iy": 0.25989228222289845, "iz": 0.08383905437737749, "iw": 0.1156763350425373, "im": 0.21707492960493308, "iv": 0.11788763149783792, "ij": 0.06065886374248561, "ix": 0.03102436360573269, "iq": 0.026857474598092637, "yz": 0.16102323508833138, "dk": 0.24278301078186282, "dn": 0.3475702714987412, "de": 0.18637348909016088, "dl": 0.33356788435316487, "ds": 0.3925561787916301, "dt": 0.36334244280939554, "dr": 0.3300550646912123, "do": 0.18699863331951475, "du": 0.21700564754914742, "dg": 0.36062503527921497, "dp": 0.2661256751830264, "dh": 0.16012570701756287, "di": 0.21230212566345083, "dy": 0.20394111138200474, "dz": 0.1806593364003793, "dw": 0.18702468631338853, "dm": 0.34467571980456857, "dv": 0.2497791158922258, "df": 0.23898377929645104, "dj": 0.1407339216202571, "dx": 0.09583651317432096, "dq": 0.0624786988402254, "wy": 0.19359201372492688, "wz": 0.19287731304422043, "wx": 0.14908500706022967, "mn": 0.3527866925987638, "ms": 0.3540369496023501, "mt": 0.3225525749294733, "mr": 0.3179284178177684, "mo": 0.19965555946764157, "mu": 0.2774345078610994, "mp": 0.4037865427315984, "my": 0.2265009010670089, "mz": 0.19353756552997092, "mw": 0.27980288344711607, "mv": 0.3189871450621907, "mx": 0.11999426687192827, "mq": 0.07276130127733829, "vy": 0.18376928371495593, "vz": 0.21835766141370516, "vw": 0.283972457840325, "vx": 0.15387687494371755, "fk": 0.1999102548968691, "fn": 0.1617278770926433, "fl": 0.19451032952643743, "fs": 0.20642355685423108, "ft": 0.18897720649582367, "fr": 0.14227815681888778, "fo": 0.12473754484004686, "fu": 0.16819025920975922, "fg": 0.23247660611182214, "fp": 0.3078413613678432, "fh": 0.15809514630856475, "fi": 0.11791213998528079, "fy": 0.16460109687138264, "fz": 0.210456289908583, "fw": 0.2705456257083801, "fm": 0.29025977714094847, "fv": 0.348512308777684, "fj": 0.1982556436999337, "fx": 0.12698806678636826, "fq": 0.12444098315027735, "jk": 0.17414378653024448, "jn": 0.07981439295241977,